,"43"
"0","43","50"
"1","50","54"
"2","54","58"
"3","58","63"
"4","63","68"
"5","68","73"
"6","73","76"
"7","76","78"
"8","78","84"
"9","84","93"
"10","93","104"
"11","104","107"
"12","107","109"
"13","109","111"
"14","111","117"
"15","117","120"
"16","120","122"
"17","122","128"
"18","128","129"
"19","129","130"
"20","130","131"
"21","131","132"
"22","132","141"
"23","141","142"
"24","142","143"
"25","143","144"
"26","144","145"
"27","145","149"
"28","149","153"
"29","153","154"
"30","154","155"
"31","155","164"
"32","164","168"
"33","168","170"
"34","170","176"
"35","176","180"
"36","180","184"
"37","184","185"
"38","185","187"
"39","187","189"
"40","189","191"
"41","191","193"
"42","193","196"
"43","196","199"
"44","199","203"
"45","203","205"
"46","205","207"
"47","207","208"
"48","208","210"
"49","210","211"
"50","211","214"
"51","214","216"
"52","216","217"
"53","217","218"
"54","218","220"
"55","220","221"
"56","221","222"
"57","222","223"
"58","223","224"
"59","224","225"
"60","225","226"
"61","226","226"
"62","226","227"
"63","227","228"
"64","228","229"
"65","229","229"
"66","229","229"
"67","229","230"
"68","230","230"
"69","230","230"
"70","230","230"
"71","230","231"
"72","231","231"
"73","231","231"
"74","231","232"
"75","232","233"
"76","233","233"
"77","233","234"
"78","234","234"
"79","234","235"
"80","235","239"
"81","239","240"
"82","240","241"
"83","241","242"
"84","242","244"
"85","244","258"
"86","258","269"
"87","269","271"
"88","271","272"
"89","272","273"
"90","273","274"
"91","274","275"
"92","275","277"
"93","277","279"
"94","279","280"
"95","280","282"
"96","282","283"
"97","283","285"
"98","285","286"
"99","286","290"
"100","290","297"
"101","297","300"
"102","300","302"
"103","302","305"
"104","305","309"
"105","309","311"
"106","311","312"
"107","312","316"
"108","316","318"
"109","318","320"
"110","320","321"
"111","321","324"
"112","324","326"
"113","326","328"
"114","328","332"
"115","332","333"
"116","333","336"
"117","336","338"
"118","338","341"
"119","341","342"
"120","342","343"
"121","343","343"
"122","343","344"
"123","344","345"
"124","345","345"
"125","345","345"
"126","345","346"
"127","346","346"
"128","346","347"
"129","347","349"
"130","349","350"
"131","350","352"
"132","352","352"
"133","352","352"
"134","352","353"
"135","353","355"
"136","355","358"
"137","358","385"
"138","385","390"
"139","390","392"
"140","392","398"
"141","398","400"
"142","400","403"
"143","403","410"
"144","410","423"
"145","423","426"
"146","426","431"
"147","431","433"
"148","433","435"
"149","435","437"
"150","437","442"
"151","442","446"
"152","446","448"
"153","448","449"
"154","449","451"
"155","451","452"
"156","452","453"
"157","453","454"
"158","454","456"
"159","456","457"
"160","457","459"
"161","459","460"
"162","460","462"
"163","462","463"
"164","463","464"
"165","464","467"
"166","467","468"
"167","468","472"
"168","472","472"
"169","472","473"
"170","473","474"
"171","474","475"
"172","475","477"
"173","477","478"
"174","478","478"
"175","478","480"
"176","480","483"
"177","483","483"
"178","483","485"
"179","485","486"
"180","486","488"
"181","488","490"
"182","490","493"
"183","493","497"
"184","497","501"
"185","501","504"
"186","504","508"
"187","508","513"
"188","513","519"
"189","519","522"
"190","522","526"
"191","526","531"
"192","531","553"
"193","553","561"
"194","561","562"
"195","562","564"
"196","564","566"
"197","566","569"
"198","569","572"
"199","572","575"
"200","575","576"
"201","576","577"
"202","577","578"
"203","578","579"
"204","579","580"
"205","580","583"
"206","583","585"
"207","585","586"
"208","586","589"
"209","589","592"
"210","592","594"
"211","594","596"
"212","596","599"
"213","599","600"
"214","600","602"
"215","602","605"
"216","605","606"
"217","606","608"
"218","608","609"
"219","609","610"
"220","610","611"
"221","611","614"
"222","614","617"
"223","617","623"
"224","623","582"
"225","582","628"
"226","628","633"
"227","633","634"
"228","634","637"
"229","637","641"
"230","641","642"
"231","642","645"
"232","645","646"
"233","646","662"
"234","662","667"
"235","667","668"
"236","668","670"
"237","670","673"
"238","673","677"
"239","677","678"
"240","678","679"
"241","679","680"
"242","680","683"
"243","683","684"
"244","684","686"
"245","686","689"
"246","689","692"
"247","692","694"
"248","694","698"
"249","698","703"
"250","703","705"
"251","705","707"
"252","707","709"
"253","709","713"
"254","713","717"
"255","717","721"
"256","721","722"
"257","722","727"
"258","727","730"
"259","730","733"
"260","733","734"
"261","734","735"
"262","735","738"
"263","738","743"
"264","743","745"
"265","745","747"
"266","747","750"
"267","750","754"
"268","754","757"
"269","757","759"
"270","759","760"
"271","760","762"
"272","762","765"
"273","765","770"
"274","770","772"
"275","772","774"
"276","774","776"
"277","776","777"
"278","777","778"
"279","778","782"
"280","782","783"
"281","783","785"
"282","785","789"
"283","789","793"
"284","793","794"
"285","794","796"
"286","796","798"
"287","798","800"
"288","800","801"
"289","801","805"
"290","805","807"
"291","807","809"
"292","809","810"
"293","810","811"
"294","811","812"
"295","812","816"
"296","816","817"
"297","817","819"
"298","819","822"
"299","822","824"
"300","824","825"
"301","825","827"
"302","827","830"
"303","830","833"
"304","833","835"
"305","835","845"
"306","845","848"
"307","848","850"
"308","850","852"
"309","852","853"
"310","853","855"
"311","855","857"
"312","857","863"
"313","863","865"
"314","865","866"
"315","866","872"
"316","872","874"
"317","874","876"
"318","876","880"
"319","880","885"
"320","885","888"
"321","888","890"
"322","890","893"
"323","893","896"
"324","896","900"
"325","900","902"
"326","902","904"
"327","904","910"
"328","910","912"
"329","912","915"
"330","915","917"
"331","917","918"
"332","918","919"
"333","919","921"
"334","921","922"
"335","922","924"
"336","924","927"
"337","927","930"
"338","930","931"
"339","931","932"
"340","932","937"
"341","937","940"
"342","940","942"
"343","942","944"
"344","944","945"
"345","945","946"
"346","946","948"
"347","948","949"
"348","949","951"
"349","951","952"
"350","952","955"
"351","955","957"
"352","957","959"
"353","959","960"
"354","960","963"
"355","963","965"
"356","965","970"
"357","970","972"
"358","972","975"
"359","975","978"
"360","978","980"
"361","980","981"
"362","981","985"
"363","985","986"
"364","986","988"
"365","988","989"
"366","989","989"
"367","989","994"
"368","994","997"
"369","997","998"
"370","998","1000"
"371","1000","1001"
"372","1001","1003"
"373","1003","1004"
"374","1004","1007"
"375","1007","1011"
"376","1011","1014"
"377","1014","1020"
"378","1020","1036"
"379","1036","1041"
"380","1041","1052"
"381","1052","1056"
"382","1056","1061"
"383","1061","1063"
"384","1063","1070"
"385","1070","1074"
"386","1074","1078"
"387","1078","1081"
"388","1081","1089"
"389","1089","1091"
"390","1091","1094"
"391","1094","1097"
"392","1097","1098"
"393","1098","1099"
"394","1099","1100"
"395","1100","1104"
"396","1104","1106"
"397","1106","1109"
"398","1109","1111"
"399","1111","1112"
"400","1112","1117"
"401","1117","1119"
"402","1119","1120"
"403","1120","1121"
"404","1121","1122"
"405","1122","1123"
"406","1123","1125"
"407","1125","1127"
"408","1127","1130"
"409","1130","1131"
"410","1131","1137"
"411","1137","1139"
"412","1139","1143"
"413","1143","1147"
"414","1147","1150"
"415","1150","1157"
"416","1157","1162"
"417","1162","1166"
"418","1166","1169"
"419","1169","1171"
"420","1171","1174"
"421","1174","1177"
"422","1177","1180"
"423","1180","1185"
"424","1185","1186"
"425","1186","1187"
"426","1187","1190"
"427","1190","1201"
"428","1201","1202"
"429","1202","1203"
"430","1203","1206"
"431","1206","1220"
"432","1220","1225"
"433","1225","1231"
"434","1231","1239"
"435","1239","1243"
"436","1243","1248"
"437","1248","1254"
"438","1254","1257"
"439","1257","1258"
"440","1258","1260"
"441","1260","1264"
"442","1264","1264"
"443","1264","1266"
"444","1266","1270"
"445","1270","1273"
"446","1273","1275"
"447","1275","1277"
"448","1277","1278"
"449","1278","1280"
"450","1280","1282"
"451","1282","1282"
"452","1282","1285"
"453","1285","1286"
"454","1286","1287"
"455","1287","1288"
"456","1288","1289"
"457","1289","1290"
"458","1290","1293"
"459","1293","1295"
"460","1295","1297"
"461","1297","1298"
"462","1298","1299"
"463","1299","1300"
"464","1300","1301"
"465","1301","1301"
"466","1301","1302"
"467","1302","1303"
"468","1303","1304"
"469","1304","1305"
"470","1305","1305"
"471","1305","1306"
"472","1306","1307"
"473","1307","1308"
"474","1308","1308"
"475","1308","1308"
"476","1308","1309"
"477","1309","1309"
"478","1309","1309"
"479","1309","1310"
"480","1310","1310"
"481","1310","1310"
"482","1310","1311"
"483","1311","1311"
"484","1311","1312"
"485","1312","1312"
"486","1312","1313"
"487","1313","1313"
"488","1313","1315"
"489","1315","1316"
"490","1316","1317"
"491","1317","1319"
"492","1319","1320"
"493","1320","1324"
"494","1324","1325"
"495","1325","1326"
"496","1326","1327"
"497","1327","1328"
"498","1328","1329"
"499","1329","1329"
"500","1329","1330"
"501","1330","1330"
"502","1330","1330"
"503","1330","1330"
"504","1330","1331"
"505","1331","1331"
"506","1331","1331"
"507","1331","1331"
"508","1331","1332"
"509","1332","1333"
"510","1333","1336"
"511","1336","1337"
"512","1337","1337"
"513","1337","1337"
"514","1337","1340"
"515","1340","1350"
"516","1350","1356"
"517","1356","1359"
"518","1359","1360"
"519","1360","1366"
"520","1366","1372"
"521","1372","1375"
"522","1375","1377"
"523","1377","1380"
"524","1380","1382"
"525","1382","1385"
"526","1385","1389"
"527","1389","1390"
"528","1390","1392"
"529","1392","1394"
"530","1394","1395"
"531","1395","1396"
"532","1396","1398"
"533","1398","1401"
"534","1401","1404"
"535","1404","1406"
"536","1406","1407"
"537","1407","1410"
"538","1410","1411"
"539","1411","1412"
"540","1412","1414"
"541","1414","1415"
"542","1415","1416"
"543","1416","1419"
"544","1419","1422"
"545","1422","1424"
"546","1424","1426"
"547","1426","1427"
"548","1427","1428"
"549","1428","1428"
"550","1428","1429"
"551","1429","1430"
"552","1430","1431"
"553","1431","1433"
"554","1433","1434"
"555","1434","1435"
"556","1435","1437"
"557","1437","1442"
"558","1442","1443"
"559","1443","1445"
"560","1445","1446"
"561","1446","1447"
"562","1447","1448"
"563","1448","1449"
"564","1449","1451"
"565","1451","1453"
"566","1453","1454"
"567","1454","1456"
"568","1456","1458"
"569","1458","1464"
"570","1464","1468"
"571","1468","1471"
"572","1471","1472"
"573","1472","1476"
"574","1476","1479"
"575","1479","1482"
"576","1482","1484"
"577","1484","1487"
"578","1487","1489"
"579","1489","1491"
"580","1491","1498"
"581","1498","1499"
"582","1499","1500"
"583","1500","1502"
"584","1502","1504"
"585","1504","1505"
"586","1505","1512"
"587","1512","1515"
"588","1515","1518"
"589","1518","1523"
"590","1523","1526"
"591","1526","1528"
"592","1528","1537"
"593","1537","1539"
"594","1539","1545"
"595","1545","1548"
"596","1548","1550"
"597","1550","1555"
"598","1555","1562"
"599","1562","1564"
"600","1564","1566"
"601","1566","1567"
"602","1567","1573"
"603","1573","1575"
"604","1575","1576"
"605","1576","1578"
"606","1578","1581"
"607","1581","1583"
"608","1583","1585"
"609","1585","1586"
"610","1586","1590"
"611","1590","1593"
"612","1593","1594"
"613","1594","1595"
"614","1595","1597"
"615","1597","1599"
"616","1599","1599"
"617","1599","1600"
"618","1600","1600"
"619","1600","1601"
"620","1601","1603"
"621","1603","1603"
"622","1603","1605"
"623","1605","1607"
"624","1607","1608"
"625","1608","1609"
"626","1609","1609"
"627","1609","1612"
"628","1612","1612"
"629","1612","1617"
"630","1617","1618"
"631","1618","1619"
"632","1619","1619"
"633","1619","1620"
"634","1620","1621"
"635","1621","1621"
"636","1621","1622"
"637","1622","1624"
"638","1624","1625"
"639","1625","1629"
"640","1629","1633"
"641","1633","1635"
"642","1635","1637"
"643","1637","1642"
"644","1642","1644"
"645","1644","1646"
"646","1646","1648"
"647","1648","1650"
"648","1650","1652"
"649","1652","1657"
"650","1657","1658"
"651","1658","1660"
"652","1660","1662"
"653","1662","1662"
"654","1662","1663"
"655","1663","1665"
"656","1665","1667"
"657","1667","1668"
"658","1668","1669"
"659","1669","1671"
"660","1671","1673"
"661","1673","1673"
"662","1673","1681"
"663","1681","1688"
"664","1688","1689"
"665","1689","1690"
"666","1690","1692"
"667","1692","1692"
"668","1692","1693"
"669","1693","1694"
"670","1694","1698"
"671","1698","1702"
"672","1702","1706"
"673","1706","1712"
"674","1712","1714"
"675","1714","1717"
"676","1717","1721"
"677","1721","1724"
"678","1724","1727"
"679","1727","1731"
"680","1731","1733"
"681","1733","1735"
"682","1735","1739"
"683","1739","1741"
"684","1741","1741"
"685","1741","1742"
"686","1742","1742"
"687","1742","1742"
"688","1742","1743"
"689","1743","1745"
"690","1745","1748"
"691","1748","1750"
"692","1750","1752"
"693","1752","1756"
"694","1756","1758"
"695","1758","1760"
"696","1760","1762"
"697","1762","1763"
"698","1763","1765"
"699","1765","1767"
"700","1767","1769"
"701","1769","1771"
"702","1771","1771"
"703","1771","1772"
"704","1772","1772"
"705","1772","1773"
"706","1773","1774"
"707","1774","1774"
"708","1774","1776"
"709","1776","1778"
"710","1778","1779"
"711","1779","1781"
"712","1781","1784"
"713","1784","1784"
"714","1784","1786"
"715","1786","1788"
"716","1788","1788"
"717","1788","1789"
"718","1789","1792"
"719","1792","1793"
"720","1793","1795"
"721","1795","1796"
"722","1796","1797"
"723","1797","1797"
"724","1797","1798"
"725","1798","1799"
"726","1799","1800"
"727","1800","1800"
"728","1800","1802"
"729","1802","1808"
"730","1808","1810"
"731","1810","1813"
"732","1813","1815"
"733","1815","1819"
"734","1819","1821"
"735","1821","1822"
"736","1822","1825"
"737","1825","1826"
"738","1826","1829"
"739","1829","1832"
"740","1832","1832"
"741","1832","1833"
"742","1833","1833"
"743","1833","1833"
"744","1833","1835"
"745","1835","1835"
"746","1835","1837"
"747","1837","1843"
"748","1843","1855"
"749","1855","1861"
"750","1861","1868"
"751","1868","1871"
"752","1871","1872"
"753","1872","1875"
"754","1875","1877"
"755","1877","1879"
"756","1879","1883"
"757","1883","1885"
"758","1885","1887"
"759","1887","1888"
"760","1888","1889"
"761","1889","1890"
"762","1890","1892"
"763","1892","1896"
"764","1896","1898"
"765","1898","1900"
"766","1900","1901"
"767","1901","1904"
"768","1904","1906"
"769","1906","1911"
"770","1911","1912"
"771","1912","1912"
"772","1912","1913"
"773","1913","1914"
"774","1914","1916"
"775","1916","1917"
"776","1917","1918"
"777","1918","1918"
"778","1918","1920"
"779","1920","1921"
"780","1921","1923"
"781","1923","1927"
"782","1927","1931"
"783","1931","1932"
"784","1932","1934"
"785","1934","1936"
"786","1936","1938"
"787","1938","1940"
"788","1940","1943"
"789","1943","1945"
"790","1945","1946"
"791","1946","1948"
"792","1948","1959"
"793","1959","1966"
"794","1966","1971"
"795","1971","1973"
"796","1973","1975"
"797","1975","1989"
"798","1989","1993"
"799","1993","1997"
"800","1997","1999"
"801","1999","1999"
"802","1999","2000"
"803","2000","2004"
"804","2004","2006"
"805","2006","2009"
"806","2009","2011"
"807","2011","2014"
"808","2014","2017"
"809","2017","2022"
"810","2022","2026"
"811","2026","2029"
"812","2029","2033"
"813","2033","2039"
"814","2039","2041"
"815","2041","2044"
"816","2044","2046"
"817","2046","2048"
"818","2048","2050"
"819","2050","2053"
"820","2053","2055"
"821","2055","2057"
"822","2057","2057"
"823","2057","2060"
"824","2060","2081"
"825","2081","2086"
"826","2086","2108"
"827","2108","2118"
"828","2118","2129"
"829","2129","2135"
"830","2135","2139"
"831","2139","2141"
"832","2141","2149"
"833","2149","2160"
"834","2160","2168"
"835","2168","2173"
"836","2173","2177"
"837","2177","2181"
"838","2181","2185"
"839","2185","2188"
"840","2188","2193"
"841","2193","2195"
"842","2195","2196"
"843","2196","2197"
"844","2197","2199"
"845","2199","2203"
"846","2203","2210"
"847","2210","2215"
"848","2215","2219"
"849","2219","2224"
"850","2224","2229"
"851","2229","2230"
"852","2230","2233"
"853","2233","2234"
"854","2234","2236"
"855","2236","2238"
"856","2238","2242"
"857","2242","2246"
"858","2246","2250"
"859","2250","2253"
"860","2253","2255"
"861","2255","2257"
"862","2257","2259"
"863","2259","2262"
"864","2262","2265"
"865","2265","2267"
"866","2267","2275"
"867","2275","2277"
"868","2277","2279"
"869","2279","2281"
"870","2281","2283"
"871","2283","2289"
"872","2289","2292"
"873","2292","2297"
"874","2297","2306"
"875","2306","2309"
"876","2309","2314"
"877","2314","2316"
"878","2316","2320"
"879","2320","2321"
"880","2321","2326"
"881","2326","2328"
"882","2328","2332"
"883","2332","2334"
"884","2334","2340"
"885","2340","2342"
"886","2342","2346"
"887","2346","2349"
"888","2349","2351"
"889","2351","2354"
"890","2354","2357"
"891","2357","2360"
"892","2360","2361"
"893","2361","2363"
"894","2363","2364"
"895","2364","2366"
"896","2366","2366"
"897","2366","2370"
"898","2370","2371"
"899","2371","2372"
"900","2372","2374"
"901","2374","2375"
"902","2375","2376"
"903","2376","2378"
"904","2378","2379"
"905","2379","2381"
"906","2381","2383"
"907","2383","2385"
"908","2385","2386"
"909","2386","2388"
"910","2388","2391"
"911","2391","2391"
"912","2391","2394"
"913","2394","2396"
"914","2396","2398"
"915","2398","2399"
"916","2399","2401"
"917","2401","2402"
"918","2402","2406"
"919","2406","2409"
"920","2409","2411"
"921","2411","2412"
"922","2412","2416"
"923","2416","2418"
"924","2418","2419"
"925","2419","2422"
"926","2422","2423"
"927","2423","2425"
"928","2425","2431"
"929","2431","2434"
"930","2434","2438"
"931","2438","2440"
"932","2440","2441"
"933","2441","2441"
"934","2441","2445"
"935","2445","2446"
"936","2446","2448"
"937","2448","2451"
"938","2451","2452"
"939","2452","2454"
"940","2454","2456"
"941","2456","2457"
"942","2457","2458"
"943","2458","2459"
"944","2459","2459"
"945","2459","2460"
"946","2460","2460"
"947","2460","2461"
"948","2461","2463"
"949","2463","2465"
"950","2465","2467"
"951","2467","2468"
"952","2468","2472"
"953","2472","2473"
"954","2473","2474"
"955","2474","2476"
"956","2476","2478"
"957","2478","2480"
"958","2480","2484"
"959","2484","2488"
"960","2488","2491"
"961","2491","2494"
"962","2494","2496"
"963","2496","2499"
"964","2499","2501"
"965","2501","2506"
"966","2506","2509"
"967","2509","2513"
"968","2513","2515"
"969","2515","2517"
"970","2517","2519"
"971","2519","2520"
"972","2520","2522"
"973","2522","2528"
"974","2528","2531"
"975","2531","2541"
"976","2541","2546"
"977","2546","2552"
"978","2552","2555"
"979","2555","2556"
"980","2556","2559"
"981","2559","2564"
"982","2564","2566"
"983","2566","2568"
"984","2568","2571"
"985","2571","2574"
"986","2574","2578"
"987","2578","2579"
"988","2579","2580"
"989","2580","2581"
"990","2581","2582"
"991","2582","2583"
"992","2583","2584"
"993","2584","2588"
"994","2588","2589"
"995","2589","2590"
"996","2590","2591"
"997","2591","2593"
"998","2593","2595"
"999","2595","2597"
"1000","2597","2599"
"1001","2599","2600"
"1002","2600","2602"
"1003","2602","2603"
"1004","2603","2606"
"1005","2606","2607"
"1006","2607","2612"
"1007","2612","2614"
"1008","2614","2616"
"1009","2616","2620"
"1010","2620","2623"
"1011","2623","2638"
"1012","2638","2627"
"1013","2627","2628"
"1014","2628","2629"
"1015","2629","2633"
"1016","2633","2635"
"1017","2635","2637"
"1018","2637","2645"
"1019","2645","2649"
"1020","2649","2653"
"1021","2653","2657"
"1022","2657","2660"
"1023","2660","2662"
"1024","2662","2665"
"1025","2665","2667"
"1026","2667","2668"
"1027","2668","2669"
"1028","2669","2670"
"1029","2670","2673"
"1030","2673","2681"
"1031","2681","2683"
"1032","2683","2686"
"1033","2686","2687"
"1034","2687","2688"
"1035","2688","2690"
"1036","2690","2690"
"1037","2690","2690"
"1038","2690","2692"
"1039","2692","2694"
"1040","2694","2697"
"1041","2697","2705"
"1042","2705","2707"
"1043","2707","2709"
"1044","2709","2711"
"1045","2711","2712"
"1046","2712","2714"
"1047","2714","2716"
"1048","2716","2720"
"1049","2720","2721"
"1050","2721","2723"
"1051","2723","2729"
"1052","2729","2732"
"1053","2732","2735"
"1054","2735","2745"
"1055","2745","2747"
"1056","2747","2748"
"1057","2748","2750"
"1058","2750","2751"
"1059","2751","2753"
"1060","2753","2757"
"1061","2757","2760"
"1062","2760","2763"
"1063","2763","2768"
"1064","2768","2775"
"1065","2775","2778"
"1066","2778","2790"
"1067","2790","2792"
"1068","2792","2794"
"1069","2794","2795"
"1070","2795","2797"
"1071","2797","2798"
"1072","2798","2800"
"1073","2800","2802"
"1074","2802","2805"
"1075","2805","2807"
"1076","2807","2808"
"1077","2808","2811"
"1078","2811","2814"
"1079","2814","2816"
"1080","2816","2820"
"1081","2820","2822"
"1082","2822","2823"
"1083","2823","2826"
"1084","2826","2828"
"1085","2828","2828"
"1086","2828","2830"
"1087","2830","2831"
"1088","2831","2834"
"1089","2834","2836"
"1090","2836","2838"
"1091","2838","2839"
"1092","2839","2842"
"1093","2842","2844"
"1094","2844","2851"
"1095","2851","2854"
"1096","2854","2856"
"1097","2856","2858"
"1098","2858","2864"
"1099","2864","2868"
"1100","2868","2870"
"1101","2870","2872"
"1102","2872","2874"
"1103","2874","2877"
"1104","2877","2880"
"1105","2880","2885"
"1106","2885","2888"
"1107","2888","2890"
"1108","2890","2892"
"1109","2892","2893"
"1110","2893","2896"
"1111","2896","2897"
"1112","2897","2900"
"1113","2900","2903"
"1114","2903","2906"
"1115","2906","2908"
"1116","2908","2912"
"1117","2912","2917"
"1118","2917","2922"
"1119","2922","2924"
"1120","2924","2927"
"1121","2927","2931"
"1122","2931","2935"
"1123","2935","2938"
"1124","2938","2940"
"1125","2940","2944"
"1126","2944","2950"
"1127","2950","2954"
"1128","2954","2957"
"1129","2957","2961"
"1130","2961","2969"
"1131","2969","2980"
"1132","2980","2984"
"1133","2984","2986"
"1134","2986","2987"
"1135","2987","2991"
"1136","2991","2993"
"1137","2993","2995"
"1138","2995","2997"
"1139","2997","3000"
"1140","3000","3004"
"1141","3004","3006"
"1142","3006","3009"
"1143","3009","3014"
"1144","3014","3017"
"1145","3017","3020"
"1146","3020","3022"
"1147","3022","3034"
"1148","3034","3038"
"1149","3038","3041"
"1150","3041","3043"
"1151","3043","3046"
"1152","3046","3050"
"1153","3050","3052"
"1154","3052","3057"
"1155","3057","3060"
"1156","3060","3062"
"1157","3062","3065"
"1158","3065","3066"
"1159","3066","3070"
"1160","3070","3073"
"1161","3073","3078"
"1162","3078","3081"
"1163","3081","3084"
"1164","3084","3087"
"1165","3087","3090"
"1166","3090","3092"
"1167","3092","3094"
"1168","3094","3096"
"1169","3096","3099"
"1170","3099","3101"
"1171","3101","3103"
"1172","3103","3105"
"1173","3105","3108"
"1174","3108","3111"
"1175","3111","3113"
"1176","3113","3116"
"1177","3116","3118"
"1178","3118","3119"
"1179","3119","3120"
"1180","3120","3121"
"1181","3121","3122"
"1182","3122","3123"
"1183","3123","3123"
"1184","3123","3124"
"1185","3124","3125"
"1186","3125","3126"
"1187","3126","3127"
"1188","3127","3128"
"1189","3128","3129"
"1190","3129","3129"
"1191","3129","3130"
"1192","3130","3131"
"1193","3131","3132"
"1194","3132","3134"
"1195","3134","3135"
"1196","3135","3137"
"1197","3137","3139"
"1198","3139","3140"
"1199","3140","3141"
"1200","3141","3141"
"1201","3141","3146"
"1202","3146","3148"
"1203","3148","3150"
"1204","3150","3151"
"1205","3151","3152"
"1206","3152","3158"
"1207","3158","3160"
"1208","3160","3163"
"1209","3163","3165"
"1210","3165","3167"
"1211","3167","3169"
"1212","3169","3171"
"1213","3171","3173"
"1214","3173","3174"
"1215","3174","3175"
"1216","3175","3177"
"1217","3177","3178"
"1218","3178","3179"
"1219","3179","3181"
"1220","3181","3181"
"1221","3181","3182"
"1222","3182","3183"
"1223","3183","3184"
"1224","3184","3185"
"1225","3185","3187"
"1226","3187","3188"
"1227","3188","3190"
"1228","3190","3191"
"1229","3191","3191"
"1230","3191","3193"
"1231","3193","3194"
"1232","3194","3195"
"1233","3195","3197"
"1234","3197","3198"
"1235","3198","3199"
"1236","3199","3201"
"1237","3201","3202"
"1238","3202","3204"
"1239","3204","3205"
"1240","3205","3206"
"1241","3206","3207"
"1242","3207","3209"
"1243","3209","3210"
"1244","3210","3212"
"1245","3212","3215"
"1246","3215","3216"
"1247","3216","3218"
"1248","3218","3219"
"1249","3219","3221"
"1250","3221","3222"
"1251","3222","3223"
"1252","3223","3224"
"1253","3224","3225"
"1254","3225","3227"
"1255","3227","3228"
"1256","3228","3229"
"1257","3229","3231"
"1258","3231","3232"
"1259","3232","3235"
"1260","3235","3235"
"1261","3235","3236"
"1262","3236","3240"
"1263","3240","3242"
"1264","3242","3243"
"1265","3243","3245"
"1266","3245","3246"
"1267","3246","3248"
"1268","3248","3249"
"1269","3249","3250"
"1270","3250","3250"
"1271","3250","3251"
"1272","3251","3251"
"1273","3251","3252"
"1274","3252","3254"
"1275","3254","3254"
"1276","3254","3255"
"1277","3255","3256"
"1278","3256","3257"
"1279","3257","3257"
"1280","3257","3258"
"1281","3258","3260"
"1282","3260","3262"
"1283","3262","3265"
"1284","3265","3266"
"1285","3266","3267"
"1286","3267","3268"
"1287","3268","3269"
"1288","3269","3270"
"1289","3270","3271"
"1290","3271","3273"
"1291","3273","3276"
"1292","3276","3278"
"1293","3278","3279"
"1294","3279","3281"
"1295","3281","3283"
"1296","3283","3284"
"1297","3284","3284"
"1298","3284","3285"
"1299","3285","3285"
"1300","3285","3286"
"1301","3286","3287"
"1302","3287","3288"
"1303","3288","3288"
"1304","3288","3290"
"1305","3290","3290"
"1306","3290","3291"
"1307","3291","3292"
"1308","3292","3293"
"1309","3293","3294"
"1310","3294","3294"
"1311","3294","3295"
"1312","3295","3296"
"1313","3296","3297"
"1314","3297","3297"
"1315","3297","3298"
"1316","3298","3298"
"1317","3298","3299"
"1318","3299","3299"
"1319","3299","3299"
"1320","3299","3300"
"1321","3300","3300"
"1322","3300","3301"
"1323","3301","3301"
"1324","3301","3302"
"1325","3302","3303"
"1326","3303","3304"
"1327","3304","3305"
"1328","3305","3305"
"1329","3305","3306"
"1330","3306","3306"
"1331","3306","3307"
"1332","3307","3307"
"1333","3307","3308"
"1334","3308","3308"
"1335","3308","3310"
"1336","3310","3311"
"1337","3311","3311"
"1338","3311","3312"
"1339","3312","3313"
"1340","3313","3314"
"1341","3314","3314"
"1342","3314","3315"
"1343","3315","3315"
"1344","3315","3316"
"1345","3316","3316"
"1346","3316","3317"
"1347","3317","3317"
"1348","3317","3317"
"1349","3317","3317"
"1350","3317","3319"
"1351","3319","3319"
"1352","3319","3319"
"1353","3319","3320"
"1354","3320","3320"
"1355","3320","3320"
"1356","3320","3321"
"1357","3321","3321"
"1358","3321","3321"
"1359","3321","3322"
"1360","3322","3324"
"1361","3324","3327"
"1362","3327","3328"
"1363","3328","3330"
"1364","3330","3332"
"1365","3332","3335"
"1366","3335","3336"
"1367","3336","3336"
"1368","3336","3338"
"1369","3338","3339"
"1370","3339","3340"
"1371","3340","3341"
"1372","3341","3342"
"1373","3342","3343"
"1374","3343","3346"
"1375","3346","3349"
"1376","3349","3353"
"1377","3353","3355"
"1378","3355","3358"
"1379","3358","3360"
"1380","3360","3373"
"1381","3373","3440"
"1382","3440","3391"
"1383","3391","3396"
"1384","3396","3398"
"1385","3398","3402"
"1386","3402","3403"
"1387","3403","3405"
"1388","3405","3406"
"1389","3406","3410"
"1390","3410","3413"
"1391","3413","3418"
"1392","3418","3421"
"1393","3421","3427"
"1394","3427","3446"
"1395","3446","3449"
"1396","3449","3452"
"1397","3452","3456"
"1398","3456","3460"
"1399","3460","3465"
"1400","3465","3467"
"1401","3467","3472"
"1402","3472","3475"
"1403","3475","3478"
"1404","3478","3481"
"1405","3481","3486"
"1406","3486","3488"
"1407","3488","3489"
"1408","3489","3491"
"1409","3491","3493"
"1410","3493","3507"
"1411","3507","3511"
"1412","3511","3514"
"1413","3514","3517"
"1414","3517","3520"
"1415","3520","3524"
"1416","3524","3529"
"1417","3529","3540"
"1418","3540","3550"
"1419","3550","3555"
"1420","3555","3558"
"1421","3558","3561"
"1422","3561","3565"
"1423","3565","3574"
"1424","3574","3578"
"1425","3578","3582"
"1426","3582","3582"
"1427","3582","3585"
"1428","3585","3586"
"1429","3586","3587"
"1430","3587","3588"
"1431","3588","3588"
"1432","3588","3595"
"1433","3595","3598"
"1434","3598","3598"
"1435","3598","3599"
"1436","3599","3600"
"1437","3600","3603"
"1438","3603","3607"
"1439","3607","3609"
"1440","3609","3622"
"1441","3622","3627"
"1442","3627","3636"
"1443","3636","3638"
"1444","3638","3643"
"1445","3643","3646"
"1446","3646","3650"
"1447","3650","3656"
"1448","3656","3661"
"1449","3661","3667"
"1450","3667","3673"
"1451","3673","3678"
"1452","3678","3681"
"1453","3681","3685"
"1454","3685","3688"
"1455","3688","3692"
"1456","3692","3696"
"1457","3696","3698"
"1458","3698","3702"
"1459","3702","3704"
"1460","3704","3712"
"1461","3712","3713"
"1462","3713","3715"
"1463","3715","3727"
"1464","3727","3739"
"1465","3739","3741"
"1466","3741","3742"
"1467","3742","3744"
"1468","3744","3745"
"1469","3745","3748"
"1470","3748","3750"
"1471","3750","3752"
"1472","3752","3754"
"1473","3754","3758"
"1474","3758","3760"
"1475","3760","3762"
"1476","3762","3763"
"1477","3763","3766"
"1478","3766","3767"
"1479","3767","3769"
"1480","3769","3782"
"1481","3782","3786"
"1482","3786","3788"
"1483","3788","3790"
"1484","3790","3793"
"1485","3793","3796"
"1486","3796","3799"
"1487","3799","3804"
"1488","3804","3810"
"1489","3810","3811"
"1490","3811","3812"
"1491","3812","3812"
"1492","3812","3814"
"1493","3814","3809"
"1494","3809","3818"
"1495","3818","3821"
"1496","3821","3824"
"1497","3824","3828"
"1498","3828","3830"
"1499","3830","3831"
"1500","3831","3832"
"1501","3832","3833"
"1502","3833","3836"
"1503","3836","3839"
"1504","3839","3841"
"1505","3841","3843"
"1506","3843","3855"
"1507","3855","3851"
"1508","3851","3854"
"1509","3854","3859"
"1510","3859","3861"
"1511","3861","3866"
"1512","3866","3867"
"1513","3867","3870"
"1514","3870","3872"
"1515","3872","3876"
"1516","3876","3885"
"1517","3885","3898"
"1518","3898","3904"
"1519","3904","3910"
"1520","3910","3913"
"1521","3913","3917"
"1522","3917","3919"
"1523","3919","3925"
"1524","3925","3934"
"1525","3934","3940"
"1526","3940","3947"
"1527","3947","3959"
"1528","3959","3960"
"1529","3960","3963"
"1530","3963","3967"
"1531","3967","3971"
"1532","3971","3972"
"1533","3972","3973"
"1534","3973","3975"
"1535","3975","3979"
"1536","3979","3989"
"1537","3989","3995"
"1538","3995","3996"
"1539","3996","3999"
"1540","3999","4001"
"1541","4001","4005"
"1542","4005","4007"
"1543","4007","4013"
"1544","4013","4018"
"1545","4018","4019"
"1546","4019","4022"
"1547","4022","4025"
"1548","4025","4031"
"1549","4031","4037"
"1550","4037","4044"
"1551","4044","4044"
"1552","4044","4045"
"1553","4045","4046"
"1554","4046","4047"
"1555","4047","4049"
"1556","4049","4050"
"1557","4050","4050"
"1558","4050","4052"
"1559","4052","4052"
"1560","4052","4053"
"1561","4053","4055"
"1562","4055","4057"
"1563","4057","4059"
"1564","4059","4063"
"1565","4063","4064"
"1566","4064","4065"
"1567","4065","4066"
"1568","4066","4069"
"1569","4069","4070"
"1570","4070","4072"
"1571","4072","4074"
"1572","4074","4077"
"1573","4077","4078"
"1574","4078","4081"
"1575","4081","4081"
"1576","4081","4082"
"1577","4082","4083"
"1578","4083","4084"
"1579","4084","4085"
"1580","4085","4088"
"1581","4088","4090"
"1582","4090","4091"
"1583","4091","4094"
"1584","4094","4097"
"1585","4097","4100"
"1586","4100","4101"
"1587","4101","4104"
"1588","4104","4108"
"1589","4108","4112"
"1590","4112","4115"
"1591","4115","4119"
"1592","4119","4122"
"1593","4122","4128"
"1594","4128","4135"
"1595","4135","4135"
"1596","4135","4136"
"1597","4136","4140"
"1598","4140","4143"
"1599","4143","4145"
"1600","4145","4147"
"1601","4147","4152"
"1602","4152","4157"
"1603","4157","4159"
"1604","4159","4160"
"1605","4160","4162"
"1606","4162","4163"
"1607","4163","4166"
"1608","4166","4167"
"1609","4167","4167"
"1610","4167","4170"
"1611","4170","4171"
"1612","4171","4171"
"1613","4171","4172"
"1614","4172","4173"
"1615","4173","4174"
"1616","4174","4178"
"1617","4178","4180"
"1618","4180","4183"
"1619","4183","4185"
"1620","4185","4188"
"1621","4188","4191"
"1622","4191","4193"
"1623","4193","4196"
"1624","4196","4198"
"1625","4198","4200"
"1626","4200","4202"
"1627","4202","4205"
"1628","4205","4206"
"1629","4206","4208"
"1630","4208","4210"
"1631","4210","4212"
"1632","4212","4213"
"1633","4213","4215"
"1634","4215","4217"
"1635","4217","4218"
"1636","4218","4220"
"1637","4220","4221"
"1638","4221","4228"
"1639","4228","4229"
"1640","4229","4231"
"1641","4231","4234"
"1642","4234","4235"
"1643","4235","4242"
"1644","4242","4244"
"1645","4244","4246"
"1646","4246","4250"
"1647","4250","4251"
"1648","4251","4254"
"1649","4254","4257"
"1650","4257","4262"
"1651","4262","4267"
"1652","4267","4269"
"1653","4269","4271"
"1654","4271","4275"
"1655","4275","4278"
"1656","4278","4280"
"1657","4280","4281"
"1658","4281","4282"
"1659","4282","4282"
"1660","4282","4282"
"1661","4282","4286"
"1662","4286","4298"
"1663","4298","4301"
"1664","4301","4304"
"1665","4304","4308"
"1666","4308","4315"
"1667","4315","4321"
"1668","4321","4323"
"1669","4323","4326"
"1670","4326","4330"
"1671","4330","4331"
"1672","4331","4333"
"1673","4333","4334"
"1674","4334","4335"
"1675","4335","4336"
"1676","4336","4337"
"1677","4337","4337"
"1678","4337","4338"
"1679","4338","4339"
"1680","4339","4343"
"1681","4343","4344"
"1682","4344","4345"
"1683","4345","4346"
"1684","4346","4347"
"1685","4347","4350"
"1686","4350","4351"
"1687","4351","4352"
"1688","4352","4354"
"1689","4354","4356"
"1690","4356","4357"
"1691","4357","4359"
"1692","4359","4360"
"1693","4360","4361"
"1694","4361","4361"
"1695","4361","4363"
"1696","4363","4364"
"1697","4364","4366"
"1698","4366","4367"
"1699","4367","4368"
"1700","4368","4369"
"1701","4369","4370"
"1702","4370","4372"
"1703","4372","4374"
"1704","4374","4375"
"1705","4375","4376"
"1706","4376","4377"
"1707","4377","4379"
"1708","4379","4383"
"1709","4383","4385"
"1710","4385","4386"
"1711","4386","4388"
"1712","4388","4389"
"1713","4389","4391"
"1714","4391","4396"
"1715","4396","4399"
"1716","4399","4402"
"1717","4402","4404"
"1718","4404","4407"
"1719","4407","4410"
"1720","4410","4413"
"1721","4413","4415"
"1722","4415","4419"
"1723","4419","4420"
"1724","4420","4423"
"1725","4423","4426"
"1726","4426","4429"
"1727","4429","4432"
"1728","4432","4433"
"1729","4433","4434"
"1730","4434","4436"
"1731","4436","4438"
"1732","4438","4442"
"1733","4442","4443"
"1734","4443","4447"
"1735","4447","4450"
"1736","4450","4454"
"1737","4454","4457"
"1738","4457","4463"
"1739","4463","4467"
"1740","4467","4470"
"1741","4470","4476"
"1742","4476","4479"
"1743","4479","4482"
"1744","4482","4485"
"1745","4485","4486"
"1746","4486","4487"
"1747","4487","4488"
"1748","4488","4492"
"1749","4492","4493"
"1750","4493","4494"
"1751","4494","4496"
"1752","4496","4499"
"1753","4499","4500"
"1754","4500","4502"
"1755","4502","4503"
"1756","4503","4504"
"1757","4504","4507"
"1758","4507","4509"
"1759","4509","4514"
"1760","4514","4520"
"1761","4520","4523"
"1762","4523","4529"
"1763","4529","4530"
"1764","4530","4532"
"1765","4532","4534"
"1766","4534","4536"
"1767","4536","4538"
"1768","4538","4541"
"1769","4541","4544"
"1770","4544","4549"
"1771","4549","4551"
"1772","4551","4554"
"1773","4554","4556"
"1774","4556","4563"
"1775","4563","4565"
"1776","4565","4569"
"1777","4569","4573"
"1778","4573","4575"
"1779","4575","4576"
"1780","4576","4580"
"1781","4580","4583"
"1782","4583","4590"
"1783","4590","4592"
"1784","4592","4596"
"1785","4596","4599"
"1786","4599","4602"
"1787","4602","4608"
"1788","4608","4619"
"1789","4619","4626"
"1790","4626","4629"
"1791","4629","4635"
"1792","4635","4641"
"1793","4641","4648"
"1794","4648","4657"
"1795","4657","4659"
"1796","4659","4661"
"1797","4661","4663"
"1798","4663","4668"
"1799","4668","4672"
"1800","4672","4675"
"1801","4675","4678"
"1802","4678","4681"
"1803","4681","4685"
"1804","4685","4687"
"1805","4687","4688"
"1806","4688","4688"
"1807","4688","4689"
"1808","4689","4689"
"1809","4689","4690"
"1810","4690","4691"
"1811","4691","4692"
"1812","4692","4693"
"1813","4693","4694"
"1814","4694","4694"
"1815","4694","4695"
"1816","4695","4695"
"1817","4695","4698"
"1818","4698","4700"
"1819","4700","4702"
"1820","4702","4703"
"1821","4703","4705"
"1822","4705","4707"
"1823","4707","4710"
"1824","4710","4713"
"1825","4713","4716"
"1826","4716","4723"
"1827","4723","4726"
"1828","4726","4728"
"1829","4728","4732"
"1830","4732","4735"
"1831","4735","4737"
"1832","4737","4737"
"1833","4737","4738"
"1834","4738","4739"
"1835","4739","4740"
"1836","4740","4741"
"1837","4741","4742"
"1838","4742","4742"
"1839","4742","4746"
"1840","4746","4749"
"1841","4749","4751"
"1842","4751","4756"
"1843","4756","4758"
"1844","4758","4760"
"1845","4760","4761"
"1846","4761","4764"
"1847","4764","4765"
"1848","4765","4766"
"1849","4766","4769"
"1850","4769","4772"
"1851","4772","4775"
"1852","4775","4776"
"1853","4776","4778"
"1854","4778","4782"
"1855","4782","4786"
"1856","4786","4792"
"1857","4792","4797"
"1858","4797","4798"
"1859","4798","4800"
"1860","4800","4801"
"1861","4801","4808"
"1862","4808","4814"
"1863","4814","4816"
"1864","4816","4817"
"1865","4817","4819"
"1866","4819","4822"
"1867","4822","4824"
"1868","4824","4826"
"1869","4826","4829"
"1870","4829","4832"
"1871","4832","4835"
"1872","4835","4836"
"1873","4836","4838"
"1874","4838","4841"
"1875","4841","4844"
"1876","4844","4847"
"1877","4847","4848"
"1878","4848","4850"
"1879","4850","4864"
"1880","4864","4866"
"1881","4866","4869"
"1882","4869","4870"
"1883","4870","4872"
"1884","4872","4877"
"1885","4877","4879"
"1886","4879","4885"
"1887","4885","4891"
"1888","4891","4893"
"1889","4893","4895"
"1890","4895","4896"
"1891","4896","4900"
"1892","4900","4902"
"1893","4902","4904"
"1894","4904","4905"
"1895","4905","4906"
"1896","4906","4907"
"1897","4907","4908"
"1898","4908","4909"
"1899","4909","4917"
"1900","4917","4918"
"1901","4918","4919"
"1902","4919","4922"
"1903","4922","4924"
"1904","4924","4928"
"1905","4928","4932"
"1906","4932","4936"
"1907","4936","4938"
"1908","4938","4941"
"1909","4941","4945"
"1910","4945","4947"
"1911","4947","4951"
"1912","4951","4955"
"1913","4955","4956"
"1914","4956","4956"
"1915","4956","4957"
"1916","4957","4977"
"1917","4977","4983"
"1918","4983","4988"
"1919","4988","4996"
"1920","4996","4999"
"1921","4999","5002"
"1922","5002","5006"
"1923","5006","5008"
"1924","5008","5012"
"1925","5012","5023"
"1926","5023","5030"
"1927","5030","5031"
"1928","5031","5032"
"1929","5032","5033"
"1930","5033","5034"
"1931","5034","5035"
"1932","5035","5036"
"1933","5036","5038"
"1934","5038","5042"
"1935","5042","5044"
"1936","5044","5047"
"1937","5047","5048"
"1938","5048","5049"
"1939","5049","5058"
"1940","5058","5063"
"1941","5063","5065"
"1942","5065","5067"
"1943","5067","5070"
"1944","5070","5073"
"1945","5073","5074"
"1946","5074","5076"
"1947","5076","5079"
"1948","5079","5082"
"1949","5082","5086"
"1950","5086","5088"
"1951","5088","5090"
"1952","5090","5093"
"1953","5093","5097"
"1954","5097","5100"
"1955","5100","5101"
"1956","5101","5104"
"1957","5104","5107"
"1958","5107","5111"
"1959","5111","5112"
"1960","5112","5114"
"1961","5114","5115"
"1962","5115","5116"
"1963","5116","5118"
"1964","5118","5119"
"1965","5119","5121"
"1966","5121","5122"
"1967","5122","5123"
"1968","5123","5123"
"1969","5123","5124"
"1970","5124","5126"
"1971","5126","5128"
"1972","5128","5129"
"1973","5129","5130"
"1974","5130","5131"
"1975","5131","5132"
"1976","5132","5138"
"1977","5138","5139"
"1978","5139","5140"
"1979","5140","5142"
"1980","5142","5143"
"1981","5143","5145"
"1982","5145","5146"
"1983","5146","5147"
"1984","5147","5149"
"1985","5149","5152"
"1986","5152","5155"
"1987","5155","5157"
"1988","5157","5159"
"1989","5159","5161"
"1990","5161","5164"
"1991","5164","5168"
"1992","5168","5172"
"1993","5172","5174"
"1994","5174","5177"
"1995","5177","5179"
"1996","5179","5181"
"1997","5181","5181"
"1998","5181","5181"
"1999","5181","5182"
"2000","5182","5185"
"2001","5185","5187"
"2002","5187","5189"
"2003","5189","5191"
"2004","5191","5194"
"2005","5194","5196"
"2006","5196","5198"
"2007","5198","5199"
"2008","5199","5200"
"2009","5200","5201"
"2010","5201","5201"
"2011","5201","5202"
"2012","5202","5202"
"2013","5202","5204"
"2014","5204","5204"
"2015","5204","5205"
"2016","5205","5206"
"2017","5206","5206"
"2018","5206","5211"
"2019","5211","5212"
"2020","5212","5214"
"2021","5214","5215"
"2022","5215","5217"
"2023","5217","5219"
"2024","5219","5220"
"2025","5220","5236"
"2026","5236","5238"
"2027","5238","5244"
"2028","5244","5249"
"2029","5249","5254"
"2030","5254","5258"
"2031","5258","5262"
"2032","5262","5266"
"2033","5266","5270"
"2034","5270","5236"
"2035","5236","5275"
"2036","5275","5280"
"2037","5280","5285"
"2038","5285","5290"
"2039","5290","5293"
"2040","5293","5294"
"2041","5294","5295"
"2042","5295","5298"
"2043","5298","5300"
"2044","5300","5303"
"2045","5303","5305"
"2046","5305","5307"
"2047","5307","5310"
"2048","5310","5313"
"2049","5313","5317"
"2050","5317","5320"
"2051","5320","5322"
"2052","5322","5325"
"2053","5325","5327"
"2054","5327","5333"
"2055","5333","5337"
"2056","5337","5341"
"2057","5341","5344"
"2058","5344","5359"
"2059","5359","5363"
"2060","5363","5368"
"2061","5368","5373"
"2062","5373","5373"
"2063","5373","5373"
"2064","5373","5373"
"2065","5373""5435"